ip,port
64.235.61.162,7000
158.178.234.153,443
128.199.128.117,443
103.160.100.235,443
45.76.183.12,443
159.65.143.223,443
166.108.226.129,5001
139.162.62.80,443
103.27.132.118,443
139.162.17.186,443
47.129.113.98,443
128.199.245.43,443
20.212.177.18,443
172.104.180.98,443
138.2.85.81,9443
139.180.216.124,9443
51.79.170.187,9443
43.163.103.155,30005
149.28.153.207,9443
13.212.131.206,9443
158.178.226.211,443
206.238.238.23,80
206.238.239.192,80
47.245.98.55,40000
206.238.238.78,80
206.238.239.46,80
192.124.176.253,9443
206.238.239.38,80
206.238.239.135,80
206.238.236.18,80
206.238.236.97,80
206.238.237.126,80
34.142.246.49,80
206.238.239.86,80
206.238.236.59,80
206.238.239.185,80
206.238.239.142,80
206.238.239.199,80
206.238.237.167,80
206.238.238.84,80
206.238.237.179,80
206.238.238.45,80
206.238.236.92,80
206.238.236.15,80
206.238.236.5,80
206.238.237.251,80
206.238.237.152,80
207.148.117.148,9443
206.238.237.238,80
206.238.236.4,80
23.213.196.77,80
43.170.4.11,80
206.238.237.163,80
43.175.252.143,80
206.238.239.72,80
163.181.208.47,80
206.238.238.64,80
206.238.238.36,80
206.238.237.147,80
206.238.237.118,80
206.238.238.47,80
206.238.238.19,80
206.238.238.49,80
206.238.238.52,80
43.174.50.23,80
206.238.237.130,80
206.238.238.17,80
206.238.237.252,80
47.246.63.34,80
206.238.237.254,80
206.238.236.69,80
206.238.237.153,80
34.87.150.81,8094
206.238.238.125,80
206.238.236.6,80
206.238.237.246,80
206.238.238.85,80
43.159.112.50,80
206.238.239.99,80
206.238.237.97,80
206.238.236.253,80
206.238.238.195,80
206.238.238.67,80
206.238.238.6,80
206.238.238.188,80
206.238.239.137,80
206.238.238.137,80
206.238.238.197,80
206.238.239.62,80
206.238.236.99,80
206.238.237.207,80
206.238.239.166,80
206.238.238.8,80
206.238.239.82,80
206.238.238.135,80
206.238.236.79,80
206.238.236.115,80
206.238.236.73,80
206.238.236.70,80
206.238.236.36,80
206.238.238.206,80
206.238.238.208,80
206.238.239.77,80
206.238.238.168,80
206.238.236.42,80
206.238.239.11,80
206.238.236.88,80
206.238.239.76,80
206.238.239.39,80
206.238.238.110,80
206.238.238.183,80
206.238.238.96,80
206.238.239.181,80
206.238.238.215,80
206.238.237.92,80
206.238.238.140,80
206.238.239.90,80
206.238.236.26,80
206.238.239.18,80
206.238.239.130,80
206.238.239.107,80
206.238.236.128,80
206.238.238.152,80
206.238.237.59,80
206.238.239.152,80
206.238.239.163,80
206.238.236.125,80
206.238.239.221,80
206.238.239.25,80
206.238.238.173,80
206.238.238.143,80
206.238.239.109,80
206.238.238.213,80
206.238.239.75,80
206.238.236.29,80
206.238.239.224,80
206.238.239.65,80
206.238.239.114,80
206.238.238.111,80
206.238.237.38,80
206.238.237.11,80
206.238.238.249,80
206.238.236.142,80
206.238.238.184,80
206.238.236.159,80
206.238.238.225,80
45.120.203.226,443
206.238.239.213,80
206.238.239.223,80
206.238.239.201,80
206.238.238.191,80
206.238.239.52,80
206.238.239.50,80
206.238.239.225,80
206.238.238.115,80
206.238.239.244,80
206.238.236.110,80
43.174.46.195,80
206.238.239.27,80
206.238.239.97,80
206.238.236.24,80
206.238.239.205,80
206.238.239.60,80
206.238.239.171,80
206.238.239.175,80
206.238.239.170,80
206.238.239.194,80
206.238.239.179,80
8.222.185.236,80
206.238.239.140,80
206.238.237.15,80
206.238.238.205,80
206.238.239.123,80
206.238.238.148,80
206.238.239.51,80
206.238.239.110,80
206.238.237.66,80
206.238.239.156,80
206.238.239.226,80
206.238.239.53,80
206.238.238.146,80
206.238.238.24,80
206.238.238.204,80
206.238.238.90,80
43.170.6.14,80
43.163.95.32,443
206.238.239.125,80
206.238.238.121,80
206.238.239.104,80
206.238.239.37,80
206.238.239.21,80
206.238.238.131,80
206.238.237.187,80
206.238.237.64,80
206.238.237.173,80
206.238.237.116,80
206.238.239.136,80
206.238.238.239,80
206.238.237.219,80
206.238.237.200,80
206.238.236.203,80
47.245.91.71,80
206.238.239.134,80
206.238.236.57,80
206.238.238.27,80
154.85.42.147,80
206.238.237.82,80
206.238.239.146,80
206.238.236.43,80
206.238.239.124,80
206.238.238.118,80
206.238.239.78,80
206.238.239.131,80
206.238.237.99,80
206.238.236.168,80
43.156.229.49,7443
206.238.239.218,80
206.238.239.71,80
43.174.43.9,80
43.174.44.45,80
143.198.91.236,80
206.238.238.20,80
206.238.238.71,80
206.238.237.95,80
206.238.238.2,80
206.238.239.132,80
206.238.238.253,80
206.238.238.79,80
206.238.236.163,80
206.238.236.244,80
206.238.236.85,80
206.238.239.180,80
206.238.237.226,80
206.238.236.28,80
206.238.238.87,80
206.238.238.133,80
43.175.250.161,80
206.238.236.243,80
206.238.237.5,80
206.238.239.172,80
206.238.236.11,80
206.238.237.220,80
206.238.236.40,80
206.238.239.34,80
206.238.239.203,80
206.238.236.141,80
206.238.236.122,80
206.238.236.76,80
206.238.237.115,80
206.238.237.8,80
206.238.237.145,80
206.238.237.146,80
206.238.237.186,80
206.238.237.84,80
206.238.237.240,80
206.238.236.7,80
206.238.236.222,80
206.238.236.194,80
206.238.239.96,80
206.238.236.114,80
206.238.238.74,80
206.238.236.220,80
206.238.236.48,80
206.238.236.46,80
206.238.236.72,80
206.238.236.133,80
206.238.237.101,80
206.238.237.70,80
206.238.236.41,80
206.238.237.6,80
206.238.238.97,80
206.238.237.80,80
206.238.237.52,80
206.238.236.231,80
206.238.238.15,80
206.238.236.232,80
206.238.236.155,80
45.32.106.36,443
206.238.236.96,80
206.238.237.165,80
206.238.238.98,80
206.238.237.61,80
206.238.237.216,80
43.174.49.175,80
206.238.236.132,80
206.238.236.200,80
206.238.236.191,80
206.238.236.219,80
206.238.237.148,80
206.238.238.12,80
206.238.237.201,80
206.238.236.123,80
206.238.238.31,80
206.238.238.233,80
206.238.237.230,80
206.238.237.161,80
68.183.184.205,443
206.238.237.222,80
206.238.237.106,80
206.238.236.34,80
206.238.237.83,80
139.59.118.117,80
206.238.237.217,80
206.238.238.57,80
206.238.237.133,80
206.238.238.51,80
206.238.236.12,80
206.238.239.210,80
43.174.220.61,80
206.238.237.138,80
163.181.208.54,80
206.238.238.30,80
206.238.238.86,80
206.238.237.129,80
206.238.238.7,80
178.128.111.151,80
206.238.239.92,80
206.238.237.232,80
206.238.237.231,80
206.238.238.104,80
206.238.239.47,80
206.238.238.209,80
206.238.238.56,80
206.238.238.180,80
206.238.238.103,80
206.238.237.211,80
206.238.237.176,80
206.238.239.245,80
206.238.236.102,80
206.238.236.66,80
206.238.236.2,80
206.238.238.34,80
206.238.236.20,80
206.238.237.1,80
206.238.236.212,80
206.238.238.44,80
8.219.198.57,80
206.238.238.42,80
206.238.236.152,80
206.238.237.183,80
206.238.238.3,80
206.238.238.217,80
206.238.237.253,80
206.238.238.22,80
47.246.39.1,80
206.238.237.67,80
206.238.236.101,80
206.238.237.102,80
206.238.238.175,80
206.238.236.51,80
206.238.238.145,80
206.238.239.155,80
206.238.239.116,80
206.238.238.155,80
206.238.236.56,80
206.238.238.105,80
206.238.239.63,80
206.238.237.195,80
206.238.238.92,80
206.238.239.35,80
206.238.238.14,80
43.174.43.195,80
206.238.236.75,80
206.238.238.186,80
128.199.80.152,443
206.238.239.117,80
206.238.238.200,80
206.238.239.200,80
206.238.238.5,80
206.238.239.215,80
206.238.238.117,80
206.238.239.190,80
206.238.239.10,80
206.238.238.237,80
206.238.238.81,80
206.238.239.42,80
206.238.239.4,80
206.238.239.188,80
206.238.238.172,80
206.238.238.254,80
206.238.238.238,80
206.238.237.46,80
185.220.68.159,443
206.238.236.199,80
206.238.236.185,80
23.213.197.213,80
206.238.238.40,80
206.238.238.248,80
206.238.239.119,80
206.238.238.174,80
206.238.239.202,80
206.238.239.208,80
178.128.124.130,443
206.238.238.160,80
206.238.238.80,80
206.238.237.69,80
206.238.239.15,80
206.238.239.57,80
206.238.238.147,80
159.223.92.116,80
47.246.63.32,80
51.79.157.12,443
206.238.236.192,80
206.238.238.194,80
206.238.238.108,80
206.238.239.91,80
54.255.187.72,443
206.238.238.196,80
206.238.239.45,80
206.238.239.14,80
206.238.236.45,80
206.238.236.63,80
206.238.238.39,80
206.238.238.157,80
206.238.239.0,80
206.238.238.246,80
163.181.208.24,80
206.238.238.255,80
139.162.35.155,443
206.238.238.216,80
206.238.238.129,80
206.238.239.240,80
206.238.239.129,80
206.238.238.106,80
206.238.238.242,80
206.238.239.84,80
206.238.239.32,80
206.238.239.227,80
159.223.84.144,443
206.238.239.216,80
206.238.236.27,80
139.59.231.195,443
206.238.239.33,80
185.220.68.226,443
206.238.237.87,80
206.238.238.127,80
206.238.236.74,80
206.238.239.178,80
185.220.68.248,443
206.238.237.21,80
206.238.239.54,80
206.238.239.147,80
206.238.239.187,80
206.238.236.245,80
185.220.68.240,443
206.238.236.30,80
128.1.186.86,443
213.35.101.1,443
206.238.239.183,80
206.238.237.28,80
206.238.239.153,80
43.175.226.194,80
206.238.239.173,80
206.238.239.157,80
47.246.63.25,80
206.238.239.242,80
185.114.78.230,80
206.238.238.222,80
206.238.238.219,80
206.238.236.162,80
206.238.237.2,80
206.238.239.127,80
206.238.238.61,80
165.22.243.255,443
45.127.34.137,443
43.174.41.45,80
185.220.68.11,443
128.1.186.7,443
128.1.186.6,443
43.134.2.191,443
206.238.236.173,80
163.181.208.32,80
206.238.239.3,80
206.238.239.169,80
206.238.239.211,80
128.1.186.113,443
206.238.237.109,80
206.238.238.100,80
206.238.238.66,80
206.238.237.32,80
206.238.236.210,80
43.174.230.62,80
122.248.240.193,80
206.238.238.58,80
206.238.236.118,80
206.238.237.237,80
206.238.237.245,80
185.220.68.17,443
206.238.236.136,80
206.238.236.157,80
206.238.236.217,80
206.238.237.96,80
206.238.237.105,80
206.238.237.166,80
206.238.236.182,80
206.238.237.34,80
206.238.237.110,80
206.238.236.104,80
206.238.236.176,80
206.238.236.68,80
206.238.236.211,80
206.238.236.131,80
206.238.236.193,80
206.238.237.47,80
206.238.237.35,80
172.105.121.231,443
128.1.186.68,443
206.238.237.63,80
206.238.237.44,80
206.238.236.139,80
185.220.68.183,443
206.238.237.9,80
206.238.236.190,80
43.175.214.23,80
206.238.237.159,80
101.32.141.89,443
188.166.242.79,443
206.238.236.170,80
206.238.237.73,80
206.238.236.248,80
206.238.237.125,80
206.238.237.199,80
206.238.236.204,80
206.238.236.240,80
206.238.237.71,80
206.238.236.140,80
206.238.236.153,80
139.162.61.181,443
206.238.237.210,80
206.238.237.65,80
206.238.236.121,80
146.190.100.73,443
206.238.236.111,80
206.238.236.184,80
206.238.236.251,80
206.238.237.197,80
206.238.236.83,80
206.238.236.213,80
146.190.104.164,443
206.238.236.250,80
206.238.236.109,80
206.238.237.75,80
206.238.237.124,80
206.238.236.226,80
206.238.236.8,80
206.238.237.7,80
206.238.237.30,80
128.1.186.10,443
206.238.236.230,80
206.238.237.144,80
206.238.238.69,80
206.238.236.105,80
206.238.237.74,80
206.238.237.114,80
206.238.238.10,80
206.238.236.19,80
206.238.237.26,80
206.238.236.116,80
206.238.237.155,80
206.238.237.53,80
175.41.147.28,443
206.238.237.137,80
185.36.192.43,443
157.230.246.200,443
172.104.57.110,443
139.162.36.184,443
206.238.238.9,80
206.189.38.66,443
194.233.90.56,443
8.219.134.138,80
206.238.238.41,80
206.238.236.54,80
185.128.227.27,443
206.238.237.135,80
3.0.167.100,443
206.238.238.72,80
52.237.72.41,80
206.238.238.4,80
167.71.210.191,443
146.70.29.20,443
174.138.18.53,443
103.115.50.46,443
159.223.82.205,443
47.129.54.63,443
146.70.29.6,443
47.245.112.106,443
129.150.55.155,443
149.28.140.232,443
43.160.254.188,443
118.194.235.168,443
185.220.68.95,443
122.11.185.19,443
128.1.186.14,443
128.199.151.219,443
47.236.145.11,443
146.70.29.7,443
178.128.59.32,443
52.77.114.70,443
128.199.172.103,443
157.245.58.102,443
192.46.231.158,443
146.70.29.21,443
185.220.68.107,443
139.59.120.86,443
103.160.100.137,443
83.229.126.122,443
185.220.68.39,443
185.220.68.34,443
119.28.99.228,443
188.166.225.200,443
206.189.82.255,443
185.36.192.77,443
139.162.31.215,443
185.220.68.238,443
185.220.68.244,443
23.213.197.213,443
128.1.186.49,443
139.162.46.161,443
185.220.68.200,443
158.178.227.147,443
194.233.93.107,443
138.2.80.155,443
185.220.68.30,443
172.104.188.124,443
43.156.245.167,443
134.209.101.138,443
188.166.190.171,443
185.220.68.35,443
158.178.240.251,443
192.124.176.253,443
43.134.87.225,443
47.130.175.234,443
13.229.127.37,443
172.104.51.239,443
146.70.29.4,443
213.35.107.210,443
185.220.68.70,443
157.230.254.35,443
128.199.222.168,443
128.1.186.47,443
139.162.60.36,443
129.150.52.71,443
158.178.244.30,443
172.104.53.167,443
172.105.121.232,443
128.1.186.55,443
68.183.178.178,443
165.22.50.119,443
185.220.68.10,443
185.220.68.32,443
157.245.54.141,443
43.156.98.157,443
167.99.77.131,443
129.226.93.183,443
8.219.254.30,443
128.1.186.58,443
188.166.190.37,443
192.46.230.14,443
104.248.152.164,443
143.198.94.239,443
34.87.187.180,443
47.245.86.57,443
43.160.244.123,443
128.1.186.11,443
54.169.160.215,443
43.174.49.143,443
138.2.70.43,443
47.236.171.133,443
167.172.95.46,443
43.156.155.111,443
194.36.179.114,443
8.219.222.84,443
209.97.163.209,443
8.219.188.171,443
47.129.59.80,443
165.22.99.215,443
167.71.195.118,443
167.71.213.95,443
54.169.56.145,443
129.150.48.17,443
213.35.106.83,443
43.134.95.142,443
128.1.186.167,443
159.223.34.140,443
54.151.241.159,443
13.228.78.39,443
172.104.191.206,443
128.199.88.118,443
172.104.52.142,443
8.219.160.144,443
18.138.34.221,443
128.1.186.132,443
139.162.60.44,443
103.190.178.25,443
139.180.215.234,443
166.108.203.128,443
128.1.186.162,443
47.129.207.28,443
134.209.103.72,443
129.150.50.84,443
139.162.47.162,443
43.167.241.184,443
129.150.46.158,443
128.199.146.57,443
13.214.141.223,443
54.151.227.203,443
54.254.59.102,443
128.1.186.75,443
185.220.68.49,443
128.199.181.32,443
172.188.52.10,443
47.236.113.203,443
45.120.203.90,443
139.162.45.142,443
128.1.186.176,443
172.104.171.86,443
185.220.68.109,443
103.25.202.114,443
185.220.68.94,443
185.220.68.209,443
111.91.20.233,443
143.198.206.231,443
47.236.106.0,443
45.32.125.4,443
143.198.207.249,443
185.220.68.198,443
43.165.132.171,443
195.85.19.37,443
139.59.250.249,443
185.220.68.47,443
185.220.68.250,443
116.251.217.107,443
213.35.97.105,443
185.220.68.9,443
185.220.68.146,443
139.162.27.232,443
43.156.68.125,443
8.222.184.93,443
8.219.251.132,443
128.1.186.172,443
185.220.68.50,443
185.220.68.171,443
83.229.121.176,443
43.175.226.157,443
129.150.63.187,443
185.220.68.204,443
185.220.68.207,443
185.220.68.166,443
185.220.68.81,443
172.104.60.102,443
43.160.200.152,443
185.220.68.112,443
103.110.221.97,443
128.1.186.177,443
128.1.186.168,443
128.199.143.250,443
138.2.79.198,443
139.162.62.223,443
128.1.186.173,443
64.120.92.202,443
185.220.68.131,443
128.1.186.137,443
129.226.198.146,443
167.71.223.160,443
185.220.68.92,443
20.184.25.26,443
13.215.254.149,443
185.220.68.53,443
47.236.71.215,443
185.220.68.251,443
185.220.68.57,443
45.32.116.192,443
167.172.93.228,443
47.129.37.127,443
128.1.186.136,443
159.223.39.213,443
47.236.111.241,443
185.220.68.156,443
139.162.30.6,443
185.220.68.40,443
185.36.192.201,443
143.198.89.176,443
159.223.61.106,443
128.1.186.71,443
128.1.186.121,443
159.89.211.135,443
185.220.68.82,443
104.43.89.96,443
128.199.185.116,443
38.60.198.190,443
194.233.72.68,443
43.164.134.203,443
175.41.171.148,443
94.74.85.85,443
185.220.68.180,443
167.172.67.138,443
185.220.68.44,443
8.219.96.178,443
139.99.56.236,443
172.104.170.24,443
139.162.13.203,443
149.28.155.29,443
172.104.35.20,443
188.166.217.127,443
185.220.68.90,443
178.128.50.9,443
103.3.60.137,443
103.160.100.78,443
188.166.226.200,443
43.134.10.174,443
124.156.207.186,443
172.105.121.208,443
103.3.60.114,443
168.138.177.109,443
157.245.197.53,443
103.3.60.126,443
207.148.126.107,443
172.104.188.47,443
159.138.93.254,443
47.79.4.118,443
159.223.37.5,443
172.105.116.189,443
139.177.187.115,443
172.104.180.43,443
45.127.35.216,443
128.199.196.246,443
157.230.243.183,443
45.155.69.206,443
172.104.188.73,443
43.156.48.128,443
54.255.81.193,443
128.199.196.245,443
45.32.124.39,443
8.219.211.59,443
45.76.186.117,443
8.219.205.125,443
188.166.254.234,443
139.162.52.6,443
43.170.6.7,111
43.175.214.20,111
45.76.153.215,443
43.175.216.72,111
43.175.220.72,111
43.174.50.20,111
43.174.230.97,88
8.219.78.44,7547
139.162.45.81,443
194.156.162.248,443
185.220.68.43,443
185.220.68.176,443
3.1.167.237,443
43.170.4.50,88
139.177.187.54,443
206.189.33.52,443
206.238.237.8,8080
206.238.236.206,8080
206.238.236.197,8080
206.238.236.129,8080
206.238.236.165,8080
206.238.236.227,8080
206.238.236.143,8080
206.238.237.71,8080
206.238.236.131,8080
206.238.236.135,8080
206.238.236.210,8080
206.238.236.239,8080
206.238.236.255,8080
206.238.237.19,8080
206.238.236.216,8080
206.238.236.198,8080
206.238.236.162,8080
206.238.236.123,8080
206.238.236.124,8080
206.238.236.209,8080
206.238.236.170,8080
206.238.236.173,8080
206.238.236.171,8080
45.76.158.95,8080
206.238.237.15,8080
206.238.237.5,8080
206.238.236.151,8080
206.238.236.237,8080
206.238.236.177,8080
206.238.239.105,8080
206.238.239.240,8080
206.238.239.123,8080
206.238.239.146,8080
206.238.236.102,8080
206.238.236.22,8080
47.128.194.41,8080
43.174.231.97,88
206.238.237.143,8080
206.238.237.202,8080
206.238.238.67,8080
206.238.237.162,8080
206.238.237.209,8080
206.238.237.249,8080
206.238.237.186,8080
206.238.238.17,8080
206.238.237.197,8080
206.238.238.30,8080
206.238.238.51,8080
206.238.237.198,8080
206.238.237.226,8080
206.238.238.7,8080
206.238.237.191,8080
206.238.237.125,8080
206.238.237.196,8080
206.238.237.172,8080
206.238.237.182,8080
206.238.237.138,8080
206.238.237.254,8080
206.238.237.171,8080
206.238.237.165,8080
206.238.237.237,8080
206.238.237.132,8080
206.238.237.166,8080
206.238.238.6,8080
206.238.237.233,8080
206.238.237.119,8080
206.238.237.136,8080
206.238.237.177,8080
206.238.237.114,8080
206.238.238.63,8080
206.238.238.43,8080
206.238.237.246,8080
206.238.237.139,8080
206.238.237.127,8080
206.238.237.222,8080
206.238.238.38,8080
206.238.237.113,8080
206.238.237.115,8080
206.238.238.27,8080
206.238.237.216,8080
206.238.237.188,8080
206.238.237.141,8080
206.238.237.128,8080
206.238.237.154,8080
206.238.237.173,8080
206.238.237.215,8080
206.238.237.247,8080
206.238.237.110,8080
206.238.237.120,8080
206.238.237.111,8080
206.238.237.179,8080
206.238.237.228,8080
206.238.237.104,8080
206.238.237.175,8080
206.238.237.106,8080
206.238.237.219,8080
206.238.237.135,8080
206.238.238.44,8080
206.238.237.189,8080
206.238.237.250,8080
206.238.237.145,8080
206.238.237.149,8080
206.238.237.217,8080
206.238.238.11,8080
206.238.237.211,8080
206.238.237.108,8080
206.238.238.25,8080
206.238.237.224,8080
206.238.237.204,8080
206.238.237.208,8080
206.238.237.253,8080
206.238.237.117,8080
206.238.238.39,8080
206.238.238.80,8080
206.238.238.53,8080
206.238.237.148,8080
206.238.237.126,8080
206.238.237.116,8080
206.238.236.117,8080
206.238.239.235,8080
206.238.239.227,8080
206.238.239.241,8080
206.238.239.223,8080
206.238.239.251,8080
206.238.239.164,8080
206.238.239.151,8080
206.238.239.225,8080
206.238.239.193,8080
206.238.239.201,8080
206.238.239.255,8080
206.238.239.218,8080
206.238.239.181,8080
206.238.239.220,8080
206.238.239.190,8080
206.238.239.180,8080
206.238.239.157,8080
206.238.238.52,8080
206.238.237.123,8080
206.238.237.131,8080
206.238.237.105,8080
206.238.237.146,8080
206.238.238.14,8080
206.238.237.210,8080
206.238.238.20,8080
206.238.238.83,8080
206.238.239.102,8080
206.238.239.35,8080
206.238.239.96,8080
206.238.238.240,8080
206.238.239.85,8080
206.238.238.194,8080
206.238.238.226,8080
206.238.239.88,8080
206.238.239.92,8080
206.238.239.7,8080
206.238.239.68,8080
206.238.239.40,8080
206.238.239.14,8080
206.238.239.51,8080
206.238.238.223,8080
206.238.239.84,8080
206.238.238.196,8080
206.238.238.235,8080
206.238.239.32,8080
206.238.239.54,8080
206.238.238.183,8080
206.238.239.41,8080
206.238.239.22,8080
206.238.238.248,8080
206.238.239.70,8080
206.238.239.52,8080
206.238.239.1,8080
206.238.239.94,8080
206.238.239.83,8080
206.238.238.176,8080
206.238.238.221,8080
206.238.239.69,8080
206.238.239.74,8080
43.163.99.85,8080
18.136.209.87,443
111.119.247.89,19999
206.238.239.78,8080
206.238.239.12,8080
206.238.238.241,8080
206.238.239.33,8080
206.238.238.202,8080
206.238.239.27,8080
206.238.239.100,8080
206.238.239.44,8080
206.238.238.234,8080
206.238.239.82,8080
206.238.238.245,8080
206.238.239.55,8080
206.238.238.238,8080
206.238.238.233,8080
206.238.238.247,8080
206.238.239.76,8080
206.238.239.99,8080
206.238.239.129,8080
206.238.239.109,8080
206.238.239.93,8080
206.238.238.204,8080
206.238.239.202,8080
206.238.239.37,8080
206.238.239.162,8080
206.238.239.73,8080
206.238.239.209,8080
206.238.239.90,8080
206.238.239.249,8080
206.238.239.186,8080
206.238.239.142,8080
206.238.239.66,8080
206.238.239.47,8080
206.238.239.226,8080
206.238.239.79,8080
206.238.239.172,8080
206.238.239.196,8080
206.238.239.21,8080
206.238.239.169,8080
206.238.239.254,8080
206.238.239.238,8080
206.238.239.165,8080
206.238.239.159,8080
206.238.239.163,8080
206.238.238.179,8080
206.238.239.119,8080
206.238.239.114,8080
206.238.239.136,8080
206.238.239.183,8080
206.238.239.246,8080
206.238.239.199,8080
206.238.239.152,8080
206.238.239.127,8080
206.238.239.134,8080
206.238.239.178,8080
206.238.239.188,8080
206.238.239.120,8080
206.238.239.179,8080
206.238.239.128,8080
206.238.239.121,8080
206.238.239.173,8080
206.238.239.124,8080
206.238.239.215,8080
206.238.239.110,8080
206.238.239.144,8080
206.238.239.111,8080
206.238.239.156,8080
206.238.239.203,8080
206.238.239.228,8080
206.238.239.189,8080
206.238.239.140,8080
206.238.239.219,8080
206.238.239.149,8080
206.238.239.211,8080
206.238.239.236,8080
206.238.239.245,8080
206.238.239.108,8080
206.238.239.155,8080
206.238.239.253,8080
206.238.239.208,8080
206.238.239.130,8080
206.238.239.224,8080
206.238.239.204,8080
206.238.239.148,8080
206.238.239.116,8080
206.238.239.150,8080
103.248.228.195,443
206.238.236.113,8080
43.175.251.206,8080
206.238.239.8,8080
206.238.238.242,8080
206.238.238.206,8080
206.238.238.197,8080
206.238.239.20,8080
206.238.238.227,8080
206.238.238.107,8080
206.238.238.165,8080
206.238.238.160,8080
206.238.238.143,8080
206.238.239.46,8080
206.238.238.135,8080
206.238.238.255,8080
206.238.238.162,8080
206.238.238.214,8080
206.238.238.123,8080
206.238.238.209,8080
206.238.238.124,8080
206.238.238.125,8080
206.238.238.132,8080
206.238.239.17,8080
206.238.239.15,8080
206.238.239.5,8080
206.238.239.101,8080
206.238.238.237,8080
206.238.238.151,8080
206.238.238.191,8080
206.238.238.177,8080
206.238.238.102,8080
206.238.238.22,8080
206.238.238.40,8080
206.238.238.75,8080
206.238.238.96,8080
206.238.236.52,8080
206.238.236.14,8080
206.238.236.46,8080
206.238.236.16,8080
206.238.236.83,8080
206.238.236.54,8080
43.175.250.163,8080
206.238.237.16,8080
206.238.237.35,8080
206.238.237.85,8080
206.238.236.194,8080
206.238.236.226,8080
206.238.237.88,8080
206.238.237.92,8080
206.238.237.51,8080
206.238.237.7,8080
206.238.237.68,8080
206.238.237.14,8080
206.238.236.223,8080
206.238.236.235,8080
206.238.237.61,8080
206.238.237.84,8080
206.238.237.22,8080
206.238.236.183,8080
206.238.237.41,8080
206.238.237.52,8080
206.238.237.23,8080
206.238.237.94,8080
206.238.237.1,8080
206.238.236.221,8080
206.238.237.103,8080
206.238.237.69,8080
206.238.237.87,8080
206.238.236.243,8080
206.238.237.26,8080
13.251.155.175,8080
206.238.236.5,8080
206.238.236.88,8080
206.238.236.84,8080
206.238.236.61,8080
206.238.236.78,8080
206.238.236.45,8080
206.238.236.68,8080
206.238.236.56,8080
206.238.236.12,8080
206.238.236.90,8080
206.238.236.28,8080
206.238.236.73,8080
206.238.236.29,8080
206.238.236.100,8080
206.238.236.48,8080
206.238.236.98,8080
206.238.236.64,8080
206.238.236.76,8080
206.238.236.99,8080
206.238.236.60,8080
159.89.211.135,8080
206.238.238.95,8080
206.238.238.73,8080
206.238.238.84,8080
206.238.238.49,8080
206.238.238.98,8080
206.238.238.103,8080
206.238.238.0,8080
206.238.237.243,8080
206.238.238.101,8080
206.238.237.241,8080
206.238.238.76,8080
206.238.237.206,8080
206.238.238.57,8080
206.238.238.60,8080
206.238.238.87,8080
206.238.237.239,8080
206.238.238.31,8080
206.238.238.77,8080
206.238.238.100,8080
206.238.238.35,8080
206.238.238.82,8080
206.238.238.74,8080
206.238.238.89,8080
206.238.237.212,8080
206.238.238.41,8080
206.238.238.79,8080
206.238.238.86,8080
206.238.238.64,8080
206.238.238.81,8080
206.238.238.13,8080
206.238.237.181,8080
206.238.237.151,8080
206.238.238.94,8080
206.238.238.28,8080
206.238.237.255,8080
206.238.237.194,8080
206.238.237.231,8080
206.238.237.205,8080
206.238.238.58,8080
206.238.238.45,8080
206.238.238.91,8080
206.238.238.34,8080
206.238.238.62,8080
206.238.238.36,8080
206.238.237.230,8080
206.238.238.56,8080
206.238.238.48,8080
206.238.237.200,8080
178.128.59.32,8080
206.238.236.15,8080
206.238.236.26,8080
206.238.236.51,8080
206.238.236.50,8080
206.238.236.8,8080
206.238.236.13,8080
206.238.236.41,8080
206.238.236.24,8080
206.238.236.4,8080
206.238.236.67,8080
206.238.236.27,8080
206.238.236.47,8080
206.238.236.74,8080
206.238.236.80,8080
206.238.236.44,8080
206.238.236.17,8080
206.238.236.69,8080
206.238.236.18,8080
206.238.236.72,8080
206.238.236.43,8080
206.238.236.0,8080
206.238.236.63,8080
206.238.236.34,8080
206.238.236.30,8080
206.238.236.93,8080
206.238.236.57,8080
206.238.236.33,8080
206.238.236.82,8080
206.238.236.38,8080
206.238.236.62,8080
206.238.236.3,8080
206.238.236.59,8080
146.190.98.0,443
206.238.236.130,8080
206.238.236.250,8080
206.238.237.56,8080
206.238.236.147,8080
206.238.236.140,8080
206.238.236.141,8080
206.238.236.228,8080
206.238.236.252,8080
206.238.236.244,8080
206.238.237.24,8080
206.238.236.157,8080
206.238.236.110,8080
206.238.237.86,8080
206.238.237.13,8080
206.238.237.77,8080
206.238.236.189,8080
206.238.236.225,8080
206.238.237.64,8080
206.238.236.212,8080
206.238.237.72,8080
206.238.236.119,8080
206.238.236.192,8080
206.238.236.220,8080
206.238.236.139,8080
206.238.237.10,8080
206.238.236.115,8080
206.238.236.222,8080
206.238.236.232,8080
206.238.237.36,8080
206.238.236.134,8080
206.238.236.175,8080
206.238.236.127,8080
206.238.236.153,8080
206.238.236.172,8080
206.238.237.45,8080
206.238.236.208,8080
206.238.236.217,8080
206.238.236.167,8080
206.238.236.190,8080
206.238.236.219,8080
206.238.236.249,8080
206.238.236.188,8080
206.238.236.218,8080
206.238.236.120,8080
206.238.236.164,8080
206.238.236.154,8080
206.238.237.29,8080
206.238.236.182,8080
206.238.236.199,8080
206.238.237.31,8080
206.238.237.25,8080
206.238.236.236,8080
206.238.236.230,8080
206.238.236.108,8080
206.238.236.178,8080
206.238.236.137,8080
206.238.236.145,8080
206.238.236.112,8080
206.238.236.211,8080
206.238.236.156,8080
206.238.239.4,8080
206.238.239.30,8080
206.238.238.141,8080
206.238.239.2,8080
206.238.238.228,8080
206.238.238.249,8080
206.238.239.64,8080
206.238.238.154,8080
206.238.239.18,8080
206.238.238.157,8080
206.238.238.150,8080
206.238.238.112,8080
206.238.238.133,8080
206.238.239.13,8080
206.238.238.244,8080
206.238.239.77,8080
206.238.239.86,8080
206.238.238.126,8080
206.238.238.189,8080
206.238.239.42,8080
206.238.238.222,8080
206.238.238.225,8080
206.238.238.181,8080
206.238.239.72,8080
206.238.238.111,8080
206.238.238.168,8080
206.238.238.220,8080
206.238.238.207,8080
206.238.238.137,8080
206.238.239.81,8080
206.238.238.231,8080
206.238.238.116,8080
206.238.238.121,8080
206.238.238.149,8080
206.238.238.163,8080
206.238.238.232,8080
206.238.238.108,8080
206.238.238.156,8080
206.238.238.217,8080
206.238.238.182,8080
206.238.239.10,8080
206.238.238.142,8080
206.238.238.251,8080
206.238.239.36,8080
206.238.239.50,8080
206.238.238.224,8080
206.238.238.134,8080
206.238.238.153,8080
206.238.238.190,8080
206.238.238.167,8080
206.238.238.127,8080
206.238.238.188,8080
206.238.238.120,8080
206.238.238.205,8080
206.238.239.38,8080
206.238.238.184,8080
206.238.239.62,8080
206.238.238.236,8080
206.238.238.230,8080
206.238.238.145,8080
206.238.238.211,8080
13.215.211.239,8080
206.238.237.98,8080
206.238.237.33,8080
206.238.236.202,8080
206.238.237.27,8080
206.238.237.100,8080
206.238.237.65,8080
206.238.237.44,8080
206.238.237.55,8080
206.238.237.28,8080
206.238.237.97,8080
206.238.236.247,8080
206.238.237.91,8080
206.238.237.76,8080
206.238.237.6,8080
206.238.237.11,8080
206.238.236.238,8080
206.238.237.93,8080
206.238.236.204,8080
206.238.237.37,8080
206.238.237.53,8080
206.238.237.66,8080
206.238.237.47,8080
206.238.237.21,8080
206.238.236.215,8080
206.238.237.79,8080
206.238.237.59,8080
206.238.237.60,8080
206.238.236.179,8080
185.220.68.138,443
13.250.6.59,443
185.220.68.233,443
188.166.234.172,443
185.220.68.195,443
206.189.87.243,443
116.251.217.65,443
5.34.176.119,81
165.22.108.57,443
185.220.68.6,443
43.159.112.44,111
206.189.43.208,49152
13.33.100.139,443
20.6.104.245,10000
43.175.212.72,111
43.159.113.44,111
138.2.91.93,443
128.1.186.42,443
45.43.63.39,9999
128.1.186.57,443
185.220.68.8,443
129.226.217.81,8085
8.219.222.171,443
128.199.253.180,443
154.91.82.58,10443
103.195.188.84,443
47.236.246.45,443
185.220.68.77,443
146.70.29.9,443
8.219.221.143,443
8.219.216.214,443
8.219.203.189,443
8.219.222.158,443
8.219.198.171,443
8.222.229.231,443
8.222.202.158,443
8.222.246.34,443
8.222.254.141,443
8.222.194.252,443
8.222.216.1,443
8.222.220.99,443
13.212.89.11,443
185.220.68.150,443
185.220.68.80,443
185.220.68.56,443
185.220.68.121,443
206.189.45.144,443
13.212.189.10,443
31.192.234.185,443
129.150.46.113,443
13.250.155.123,443
14.1.30.138,443
47.236.202.150,444
139.59.224.37,10000
54.151.253.214,444
213.35.123.46,9999
128.199.245.50,443
185.220.68.154,443
51.79.170.187,10443
185.220.68.242,443
184.168.126.62,10443
172.104.63.118,443
168.138.169.46,10001
43.159.44.49,10000
13.212.131.206,445
43.167.198.134,8443
194.36.178.36,8443
172.81.111.194,8443
31.192.238.71,8443
3.0.58.86,8443
192.124.176.253,8443
47.130.205.252,8443
103.248.229.73,443
139.180.215.234,8443
91.192.81.154,8443
47.236.180.90,8443
54.255.174.120,8443
8.219.58.81,8443
178.128.85.14,8443
43.173.124.75,8443
66.42.58.221,8443
178.128.59.95,8443
83.229.121.78,8443
20.24.143.170,8443
47.236.186.122,8443
41.216.182.241,8443
13.229.216.231,8443
207.148.75.16,8443
51.79.160.21,8443
43.167.215.138,8443
185.220.68.31,443
149.28.145.121,8443
128.199.181.94,8443
47.128.153.49,443
111.119.210.9,8443
172.104.174.89,8443
54.254.53.6,8443
13.250.3.231,8443
111.91.27.254,8443
139.162.8.21,444
18.139.223.244,9527
18.143.92.18,443
4.194.184.50,27017
167.172.88.191,444
23.98.90.5,443
168.138.172.212,9999
185.220.68.203,443
18.139.181.88,10003
172.104.39.87,443
138.2.68.12,443
149.28.159.169,443
172.104.42.221,443
103.125.217.94,443
168.138.171.191,443
138.2.107.0,9527
166.108.224.221,443
103.110.221.104,443
45.77.243.246,443
34.142.228.142,80
172.104.42.68,443
43.134.57.39,443
43.163.100.137,443
185.220.68.163,443
43.156.0.121,443
185.220.68.243,443
185.220.68.54,443
159.138.88.54,8181
138.2.107.0,443
103.244.113.106,80
172.104.53.198,888
43.166.0.221,443
43.156.249.179,8181
94.74.80.127,8181
8.222.143.96,8090
139.180.216.124,2083
111.119.204.36,443
206.238.236.182,2082
206.238.236.153,2082
206.238.236.205,2082
206.238.236.107,2082
206.238.236.75,2082
206.238.236.159,2082
206.238.236.168,2082
206.238.236.79,2082
206.238.236.95,2082
206.238.236.73,2082
206.238.236.102,2082
206.238.236.72,2082
206.238.236.190,2082
206.238.236.55,2082
206.238.236.64,2082
206.238.236.134,2082
206.238.236.140,2082
206.238.236.147,2082
206.238.236.105,2082
206.238.236.142,2082
206.238.236.97,2082
206.238.236.65,2082
206.238.236.103,2082
206.238.236.45,2082
206.238.236.33,2082
206.238.236.40,2082
206.238.236.67,2082
206.238.236.41,2082
206.238.236.121,2082
206.238.236.46,2082
206.238.236.43,2082
206.238.236.58,2082
206.238.236.81,2082
206.238.236.83,2082
206.238.236.98,2082
206.238.236.88,2082
206.238.236.87,2082
206.238.236.91,2082
206.238.236.106,2082
185.220.68.27,443
206.238.236.9,2082
206.238.236.20,2082
206.238.236.1,2082
206.238.236.5,2082
206.238.238.170,2052
206.238.238.108,2052
206.238.238.226,2052
206.238.238.115,2052
206.238.238.204,2052
206.238.238.141,2052
206.238.238.143,2052
206.238.238.131,2052
206.238.238.109,2052
206.238.238.178,2052
206.238.238.133,2052
206.238.238.100,2052
206.238.238.101,2052
206.238.238.139,2052
206.238.238.114,2052
206.238.238.218,2052
206.238.238.91,2052
206.238.238.241,2052
206.238.238.83,2052
206.238.238.111,2052
8.219.102.63,443
206.238.239.99,2052
206.238.239.81,2052
206.238.239.230,2052
206.238.239.175,2052
206.238.239.74,2052
206.238.239.223,2052
206.238.239.130,2052
206.238.239.181,2052
206.238.239.82,2052
206.238.239.96,2052
206.238.239.72,2052
206.238.239.138,2052
206.238.239.70,2052
206.238.239.107,2052
206.238.239.92,2052
206.238.239.86,2052
206.238.239.216,2052
206.238.239.212,2052
206.238.239.135,2052
206.238.239.233,2052
206.238.239.253,2052
206.238.239.77,2052
206.238.239.187,2052
206.238.239.105,2052
206.238.239.132,2052
206.238.239.156,2052
206.238.239.97,2052
206.238.239.160,2052
206.238.239.157,2052
206.238.239.94,2052
206.238.239.84,2052
206.238.239.125,2052
206.238.239.129,2052
206.238.239.232,2052
206.238.239.240,2052
206.238.239.202,2052
206.238.239.90,2052
206.238.239.73,2052
206.238.239.102,2052
206.238.239.227,2052
206.238.239.153,2052
206.238.239.250,2052
206.238.239.140,2052
206.238.239.188,2052
206.238.239.76,2052
206.238.239.166,2052
206.238.239.159,2052
206.238.239.123,2052
206.238.239.224,2052
206.238.239.164,2052
206.238.239.117,2052
206.238.239.206,2052
206.238.239.174,2052
206.238.239.149,2052
206.238.239.110,2052
206.238.239.169,2052
206.238.239.165,2052
206.238.239.197,2052
206.238.239.172,2052
206.238.239.168,2052
206.238.239.78,2052
206.238.239.80,2052
206.238.239.179,2052
206.238.239.87,2052
206.238.239.192,2052
206.238.239.173,2052
206.238.239.95,2052
206.238.239.148,2052
206.238.239.79,2052
206.238.239.121,2052
206.238.239.235,2052
206.238.239.71,2052
206.238.239.116,2052
206.238.239.145,2052
206.238.239.237,2052
206.238.239.89,2052
206.238.239.119,2052
206.238.239.152,2052
206.238.239.150,2052
206.238.239.201,2052
206.238.239.180,2052
206.238.239.128,2052
206.238.239.209,2052
206.238.239.234,2052
206.238.239.155,2052
206.238.239.249,2052
206.238.239.85,2052
206.238.239.220,2052
206.238.239.186,2052
206.238.239.190,2052
206.238.239.196,2052
206.238.239.219,2052
206.238.239.88,2052
206.238.239.254,2052
206.238.239.247,2052
206.238.239.126,2052
206.238.239.185,2052
206.238.239.118,2052
206.238.239.93,2052
206.238.239.184,2052
206.238.239.225,2052
206.238.239.194,2052
206.238.239.255,2052
206.238.239.69,2052
206.238.239.124,2052
206.238.239.103,2052
206.238.239.134,2052
206.238.239.113,2052
206.238.239.106,2052
206.238.239.147,2052
206.238.239.98,2052
206.238.239.144,2052
206.238.239.112,2052
206.238.239.75,2052
206.238.239.163,2052
206.238.239.161,2052
206.238.239.244,2052
206.238.239.127,2052
206.238.239.154,2052
206.238.239.120,2052
206.238.239.151,2052
206.238.239.221,2052
54.254.93.245,443
172.104.54.169,443
206.238.238.99,2052
206.238.238.81,2052
206.238.238.230,2052
206.238.238.175,2052
206.238.238.74,2052
206.238.238.223,2052
206.238.238.130,2052
206.238.238.181,2052
206.238.238.82,2052
206.238.238.96,2052
206.238.238.72,2052
206.238.239.1,2052
206.238.239.13,2052
206.238.238.138,2052
206.238.238.107,2052
206.238.238.86,2052
206.238.238.70,2052
206.238.238.92,2052
206.238.238.216,2052
206.238.238.212,2052
206.238.239.3,2052
206.238.238.135,2052
206.238.238.233,2052
206.238.238.253,2052
206.238.238.77,2052
206.238.238.187,2052
206.238.238.132,2052
206.238.238.105,2052
206.238.238.156,2052
206.238.238.97,2052
206.238.238.160,2052
206.238.238.157,2052
206.238.238.125,2052
206.238.238.84,2052
206.238.238.94,2052
206.238.239.25,2052
206.238.238.232,2052
206.238.238.129,2052
206.238.238.240,2052
206.238.238.90,2052
206.238.238.202,2052
206.238.238.73,2052
206.238.238.102,2052
206.238.239.17,2052
206.238.238.227,2052
206.238.238.153,2052
206.238.238.250,2052
206.238.238.140,2052
206.238.238.76,2052
206.238.238.166,2052
206.238.238.188,2052
206.238.239.9,2052
206.238.238.159,2052
206.238.238.164,2052
206.238.238.224,2052
206.238.238.123,2052
206.238.239.63,2052
206.238.238.117,2052
206.238.238.206,2052
206.238.238.174,2052
206.238.238.149,2052
206.238.238.110,2052
206.238.239.5,2052
206.238.238.165,2052
206.238.239.51,2052
206.238.238.169,2052
206.238.238.172,2052
206.238.238.197,2052
206.238.238.168,2052
206.238.238.78,2052
206.238.238.80,2052
206.238.238.179,2052
206.238.238.87,2052
206.238.238.192,2052
206.238.239.50,2052
206.238.238.173,2052
206.238.238.95,2052
206.238.239.58,2052
206.238.238.148,2052
206.238.238.235,2052
206.238.238.79,2052
206.238.238.121,2052
206.238.238.71,2052
206.238.238.116,2052
206.238.238.237,2052
206.238.238.89,2052
206.238.238.145,2052
206.238.238.119,2052
206.238.238.152,2052
206.238.238.201,2052
206.238.238.150,2052
206.238.238.180,2052
206.238.238.128,2052
206.238.238.209,2052
206.238.238.234,2052
206.238.238.155,2052
206.238.238.220,2052
206.238.238.249,2052
206.238.238.85,2052
206.238.238.186,2052
206.238.238.196,2052
206.238.238.190,2052
206.238.238.219,2052
206.238.238.88,2052
206.238.238.254,2052
206.238.238.247,2052
206.238.238.126,2052
206.238.238.185,2052
206.238.238.184,2052
206.238.238.93,2052
206.238.238.118,2052
206.238.239.43,2052
206.238.239.27,2052
206.238.238.225,2052
206.238.238.194,2052
206.238.238.69,2052
206.238.238.255,2052
206.238.238.124,2052
206.238.238.103,2052
206.238.238.134,2052
206.238.238.113,2052
206.238.238.106,2052
206.238.238.147,2052
206.238.238.98,2052
206.238.238.144,2052
206.238.239.44,2052
206.238.238.112,2052
206.238.238.75,2052
206.238.238.163,2052
206.238.238.161,2052
206.238.238.244,2052
206.238.238.154,2052
206.238.238.127,2052
206.238.238.120,2052
206.238.238.151,2052
206.238.238.221,2052
41.216.182.208,2053
139.59.115.38,443
206.238.239.162,2052
206.238.239.228,2052
206.238.239.238,2052
206.238.239.229,2052
206.238.239.245,2052
206.238.239.215,2052
206.238.239.193,2052
206.238.239.251,2052
206.238.239.146,2052
206.238.239.252,2052
206.238.239.200,2052
206.238.239.205,2052
206.238.239.158,2052
206.238.239.248,2052
206.238.239.167,2052
206.238.239.182,2052
206.238.239.222,2052
206.238.239.210,2052
83.229.123.173,443
206.238.239.122,2052
206.238.239.231,2052
206.238.239.199,2052
206.238.239.217,2052
206.238.239.198,2052
206.238.239.243,2052
206.238.239.171,2052
206.238.239.242,2052
206.238.239.191,2052
206.238.239.246,2052
206.238.239.207,2052
206.238.239.104,2052
206.238.239.213,2052
206.238.239.136,2052
206.238.239.137,2052
206.238.239.177,2052
206.238.239.239,2052
206.238.239.208,2052
206.238.239.236,2052
206.238.239.142,2052
206.238.239.214,2052
206.238.239.211,2052
206.238.239.203,2052
206.238.239.26,2052
206.238.238.183,2052
206.238.238.176,2052
206.238.238.189,2052
206.238.238.195,2052
206.238.239.49,2052
139.162.9.101,443
43.156.82.215,443
83.229.123.87,443
83.229.120.173,443
188.166.187.86,443
206.238.239.183,2052
206.238.239.176,2052
206.238.239.189,2052
206.238.239.195,2052
206.238.237.103,2052
206.238.237.74,2052
206.238.237.185,2052
206.238.237.26,2052
206.238.236.189,2052
206.238.236.218,2052
206.238.236.114,2052
206.238.236.195,2052
206.238.236.183,2052
206.238.237.49,2052
206.238.236.176,2052
206.238.237.126,2052
206.238.237.175,2052
206.238.237.230,2052
206.238.237.190,2052
206.238.237.212,2052
206.238.237.116,2052
206.238.237.223,2052
206.238.237.107,2052
206.238.237.148,2052
206.238.237.130,2052
206.238.237.102,2052
206.238.237.157,2052
206.238.237.156,2052
206.238.237.187,2052
206.238.237.82,2052
206.238.238.1,2052
206.238.237.110,2052
206.238.237.233,2052
206.238.237.77,2052
206.238.237.160,2052
206.238.237.188,2052
206.238.237.84,2052
206.238.237.92,2052
206.238.237.99,2052
206.238.237.79,2052
206.238.237.186,2052
206.238.238.25,2052
206.238.237.235,2052
206.238.237.70,2052
206.238.237.153,2052
206.238.237.192,2052
206.238.237.184,2052
206.238.237.118,2052
206.238.237.169,2052
206.238.237.181,2052
206.238.237.216,2052
206.238.237.81,2052
206.238.237.86,2052
206.238.237.206,2052
206.238.237.138,2052
206.238.237.202,2052
206.238.237.234,2052
206.238.237.180,2052
206.238.237.71,2052
206.238.237.174,2052
206.238.237.165,2052
206.238.237.132,2052
206.238.237.154,2052
206.238.237.98,2052
206.238.237.123,2052
206.238.238.50,2052
206.238.238.17,2052
206.238.237.129,2052
206.238.237.121,2052
206.238.237.69,2052
206.238.237.105,2052
206.238.237.147,2052
206.238.237.140,2052
206.238.237.96,2052
206.238.237.73,2052
206.238.237.209,2052
206.238.237.152,2052
206.238.237.161,2052
206.238.238.3,2052
206.238.237.106,2052
206.238.237.249,2052
206.238.238.5,2052
206.238.237.201,2052
206.238.237.155,2052
206.238.237.125,2052
206.238.237.75,2052
206.238.237.76,2052
206.238.237.97,2052
206.238.237.197,2052
206.238.237.196,2052
206.238.238.13,2052
206.238.237.224,2052
206.238.237.255,2052
206.238.237.179,2052
206.238.237.225,2052
206.238.237.145,2052
206.238.237.194,2052
206.238.237.95,2052
206.238.237.227,2052
206.238.237.87,2052
206.238.237.90,2052
206.238.237.78,2052
206.238.237.127,2052
206.238.237.149,2052
206.238.237.164,2052
206.238.237.124,2052
206.238.237.219,2052
206.238.238.44,2052
206.238.237.128,2052
206.238.237.113,2052
206.238.237.220,2052
206.238.237.120,2052
206.238.237.80,2052
206.238.237.166,2052
206.238.237.163,2052
206.238.237.93,2052
206.238.237.221,2052
206.238.237.112,2052
206.238.237.134,2052
206.238.237.144,2052
206.238.238.200,2052
206.238.239.36,2052
206.238.239.11,2052
206.238.238.214,2052
206.238.239.19,2052
207.148.75.16,2082
206.238.238.243,2052
206.238.238.198,2052
206.238.239.2,2052
206.238.239.68,2052
206.238.236.145,2052
206.238.236.225,2052
206.238.238.104,2052
206.238.239.189,80
206.238.239.24,2052
206.238.236.77,2052
206.238.239.22,2052
206.238.239.106,80
206.238.236.233,80
206.238.238.217,2052
206.238.239.64,2052
206.238.237.12,80
206.238.236.242,80
206.238.239.248,80
206.238.239.66,2052
206.238.239.131,2052
206.238.237.24,2052
206.238.238.205,2052
206.238.238.252,2052
206.238.236.198,2052
206.238.237.19,80
206.238.238.142,2052
206.238.238.248,2052
206.238.239.16,2052
206.238.239.165,80
206.238.239.6,2052
206.238.239.60,2052
206.238.239.45,2052
206.238.239.42,2052
206.238.236.125,2052
206.238.236.92,2052
206.238.236.159,2052
206.238.236.13,2052
206.238.238.207,2052
206.238.239.67,2052
206.238.237.143,2052
206.238.237.133,2052
206.238.239.59,2052
206.238.236.167,2052
206.238.236.230,2052
206.238.236.214,2052
206.238.239.235,80
206.238.236.247,80
206.238.237.204,2052
206.238.236.180,80
206.238.236.251,2052
206.238.237.55,2052
206.238.236.166,80
206.238.236.119,2052
206.238.237.68,2052
206.238.239.57,2052
206.238.239.47,2052
206.238.238.222,2052
206.238.239.108,2052
206.238.236.75,2052
206.238.238.137,2052
206.238.237.48,2052
206.238.236.238,2052
206.238.236.245,2052
206.238.236.169,80
206.238.236.227,2052
206.238.236.239,2052
206.238.238.210,2052
206.238.237.4,2052
206.238.237.24,80
206.238.239.249,80
158.178.227.202,443
206.238.236.186,80
206.238.237.108,2052
206.238.236.193,2052
206.238.236.231,2052
206.238.239.37,2052
206.238.239.20,2052
206.238.238.162,2052
206.238.238.228,2052
206.238.239.29,2052
206.238.238.238,2052
206.238.238.229,2052
206.238.238.245,2052
206.238.239.54,2052
206.238.238.215,2052
206.238.239.52,2052
206.238.239.12,2052
206.238.239.4,2052
206.238.239.31,2052
206.238.238.251,2052
206.238.238.193,2052
206.238.238.146,2052
206.238.239.15,2052
206.238.239.8,2052
206.238.239.65,2052
206.238.238.158,2052
206.238.239.32,2052
206.238.239.7,2052
206.238.239.33,2052
206.238.238.167,2052
206.238.239.10,2052
206.238.239.61,2052
206.238.238.182,2052
206.238.239.56,2052
206.238.239.35,2052
206.238.239.14,2052
206.238.238.122,2052
206.238.239.41,2052
206.238.238.231,2052
206.238.239.46,2052
206.238.239.0,2052
206.238.236.107,80
206.238.239.55,2052
206.238.238.199,2052
206.238.239.34,2052
206.238.239.48,2052
206.238.239.40,2052
206.238.239.38,2052
206.238.238.171,2052
206.238.238.242,2052
206.238.238.191,2052
206.238.238.246,2052
206.238.239.53,2052
206.238.238.213,2052
206.238.239.62,2052
206.238.238.136,2052
206.238.239.23,2052
206.238.239.30,2052
206.238.238.177,2052
206.238.238.239,2052
206.238.239.18,2052
206.238.239.28,2052
206.238.239.21,2052
206.238.238.208,2052
206.238.237.36,80
206.238.238.236,2052
206.238.236.186,2052
206.238.236.244,2052
206.238.239.39,2052
206.238.238.211,2052
206.238.238.203,2052
206.238.239.170,2052
206.238.239.109,2052
206.238.236.74,2052
206.238.236.173,2052
206.238.237.61,2052
206.238.237.27,2052
206.238.239.178,2052
206.238.239.115,2052
206.238.239.101,2052
206.238.237.67,2052
206.238.236.235,80
206.238.236.80,2052
206.238.239.159,80
206.238.236.219,2052
206.238.236.225,80
206.238.237.28,2052
206.238.237.141,2052
206.238.239.204,2052
206.238.236.87,2052
206.238.236.215,80
206.238.237.39,80
206.238.236.229,80
206.238.236.3,2052
206.238.236.216,2052
206.238.237.46,2052
206.238.237.15,2052
206.238.239.150,80
206.238.236.237,80
206.238.239.108,80
206.238.237.18,2052
206.238.236.150,2052
206.238.236.161,80
206.238.236.205,2052
206.238.236.200,2052
206.238.236.190,2052
206.238.236.165,80
206.238.236.228,80
206.238.236.202,2052
206.238.236.138,2052
206.238.237.109,2052
206.238.236.188,2052
206.238.236.155,2052
206.238.236.247,2052
206.238.239.148,80
206.238.237.100,80
206.238.236.58,80
206.238.236.91,80
206.238.237.91,2052
206.238.237.68,80
206.238.236.179,2052
206.238.236.113,80
206.238.236.94,2052
206.238.236.174,80
206.238.236.185,2052
206.238.236.172,80
206.238.236.99,2052
157.245.63.249,80
206.238.237.31,2052
206.238.237.65,2052
206.238.236.158,2052
206.238.237.38,2052
206.238.237.40,2052
206.238.237.3,80
206.238.236.111,2052
206.238.236.188,80
206.238.236.90,2052
206.238.236.93,2052
206.238.236.129,80
206.238.236.177,80
206.238.237.139,2052
206.238.236.234,80
206.238.237.170,2052
206.238.237.45,80
206.238.237.22,80
206.238.237.33,2082
206.238.236.145,80
206.238.236.13,80
206.238.239.143,80
206.238.237.62,80
206.238.239.128,80
206.238.236.14,2052
206.238.236.101,2052
206.238.236.254,80
206.238.236.160,80
206.238.239.226,2052
206.238.236.133,2052
206.238.239.141,2052
206.238.239.143,2052
206.238.239.133,2052
206.238.239.100,2052
206.238.239.139,2052
206.238.239.218,2052
206.238.239.91,2052
206.238.239.114,2052
206.238.236.28,2052
206.238.236.175,80
206.238.236.241,2052
206.238.239.241,2052
206.238.236.31,80
206.238.239.83,2052
206.238.239.111,2052
206.238.236.6,2052
8.219.155.125,80
206.238.236.51,2052
206.238.236.33,2052
206.238.236.141,2052
206.238.239.196,80
206.238.237.6,2052
206.238.236.246,2052
206.238.237.131,2052
206.238.236.78,80
206.238.237.58,2052
206.238.236.64,2052
206.238.236.2,2052
206.238.236.23,2052
206.238.236.38,2052
206.238.236.44,2052
206.238.236.196,80
8.219.195.31,80
206.238.236.150,80
206.238.236.10,2052
206.238.236.137,2052
8.219.77.141,80
206.238.236.154,2052
206.238.236.30,2052
206.238.236.138,80
43.159.53.203,8181
206.238.236.217,2052
206.238.239.120,80
206.238.236.252,2052
206.238.236.222,2052
206.238.236.224,2052
206.238.237.11,2052
206.238.236.199,2052
206.238.236.97,2052
206.238.236.128,2052
206.238.236.197,2052
206.238.236.248,2052
206.238.236.255,2052
206.238.236.211,2052
206.238.237.241,2052
206.238.237.100,2052
206.238.237.83,2052
206.238.236.89,2052
206.238.236.153,2052
206.238.236.207,2052
206.238.236.161,2052
206.238.236.160,2052
206.238.236.152,2052
206.238.236.249,2052
206.238.237.3,2052
206.238.236.120,80
206.238.237.115,2052
206.238.236.122,2052
206.238.236.106,2052
206.238.237.0,80
206.238.236.54,2052
206.238.237.101,2052
206.238.237.178,2052
206.238.237.27,80
206.238.239.207,80
206.238.236.183,80
206.238.237.64,2052
206.238.236.98,2052
206.238.236.240,2052
206.238.236.69,2052
206.238.236.180,2052
206.238.236.232,2052
206.238.236.234,2052
206.238.236.105,2052
206.238.236.147,2052
206.238.236.86,2052
206.238.237.39,2052
206.238.236.179,80
206.238.236.164,2052
206.238.236.71,2052
206.238.236.203,2052
206.238.236.250,2052
206.238.236.167,80
206.238.236.254,2052
206.238.236.79,2052
206.238.236.175,2052
206.238.236.31,2052
206.238.236.181,2052
206.238.236.165,2052
206.238.236.73,2052
206.238.236.126,2052
206.238.237.16,2052
206.238.236.107,2052
206.238.237.76,80
206.238.236.52,2052
206.238.236.91,2052
206.238.236.137,80
206.238.236.157,2052
206.238.237.32,2052
206.238.236.156,2052
206.238.236.146,2052
206.238.237.59,2052
206.238.236.113,2052
43.156.84.108,8083
206.238.236.112,80
206.238.236.236,2052
206.238.237.44,2052
206.238.236.168,2052
8.219.54.88,8181
206.238.236.243,2052
206.238.239.145,80
206.238.236.136,2052
206.238.236.112,2052
206.238.239.184,80
206.238.237.22,2052
206.238.236.96,2052
206.238.236.213,2052
206.238.236.148,80
188.166.209.26,443
206.238.236.129,2052
206.238.236.148,2052
206.238.236.215,2052
206.238.236.142,2052
163.181.210.18,80
206.238.237.7,2052
206.238.236.135,80
206.238.236.88,2052
206.238.236.177,2052
206.238.236.149,2052
206.238.236.130,2052
206.238.236.221,2052
206.238.236.84,2052
206.238.236.206,2052
206.238.236.120,2052
206.238.236.108,2052
206.238.236.117,2052
206.238.236.253,2052
206.238.236.178,80
206.238.237.20,2052
206.238.236.208,2052
206.238.236.242,2052
206.238.236.223,2052
206.238.236.255,80
206.238.236.212,2052
206.238.237.21,2052
206.238.237.17,2052
206.238.237.33,2052
43.175.251.157,80
206.238.237.30,2052
206.238.236.191,2052
206.238.236.81,2052
206.238.236.144,2052
206.238.236.127,2052
206.238.236.118,2052
206.238.236.116,2052
206.238.239.105,80
206.238.236.82,2052
206.238.236.104,2052
206.238.237.8,2052
206.238.236.64,80
206.238.236.72,2052
206.238.239.239,80
206.238.236.78,2052
206.238.237.63,2052
206.238.237.51,2052
206.238.236.143,80
206.238.239.229,80
206.238.236.1,2052
206.238.236.102,2052
206.238.236.171,2052
206.238.237.36,2052
206.238.237.2,2052
206.238.237.10,80
206.238.237.37,2052
206.238.236.134,2052
206.238.237.57,2052
206.238.239.118,80
206.238.239.253,80
206.238.236.224,80
206.238.237.37,80
206.238.236.124,2052
206.238.239.161,80
206.238.236.18,2052
206.238.236.124,80
206.238.237.54,80
206.238.236.187,2052
206.238.236.194,2052
206.238.236.85,2052
206.238.236.132,2052
206.238.237.20,80
31.192.238.71,2053
206.238.237.56,2052
206.238.236.70,2052
206.238.236.169,2052
206.238.236.131,2052
206.238.236.135,2052
206.238.237.50,2052
206.238.236.207,80
206.238.237.53,2052
206.238.236.184,2052
206.238.236.192,2052
206.238.237.0,2052
206.238.236.123,2052
206.238.236.149,80
206.238.236.237,2052
206.238.236.166,2052
206.238.236.228,2052
206.238.236.220,2052
206.238.236.57,2052
206.238.237.35,2052
206.238.237.66,2052
206.238.237.41,2052
206.238.236.140,2052
206.238.236.110,2052
206.238.237.48,80
206.238.236.76,2052
206.238.239.31,80
206.238.236.174,2052
206.238.237.10,2052
206.238.237.12,2052
206.238.236.103,2052
206.238.237.9,2052
206.238.237.5,2052
206.238.237.23,2052
206.238.237.34,2052
206.238.236.162,2052
206.238.237.62,2052
206.238.237.43,2052
206.238.239.141,80
206.238.236.208,80
206.238.239.193,80
206.238.236.189,80
206.238.236.134,80
206.238.237.16,80
206.238.239.246,80
206.238.239.81,80
206.238.236.47,80
206.238.236.82,80
206.238.236.9,2052
206.238.236.95,80
206.238.237.31,80
206.238.236.5,2052
206.238.236.50,2052
206.238.236.226,2052
206.238.239.158,80
206.238.239.115,80
206.238.239.5,80
206.238.236.195,80
206.238.236.19,2052
206.238.236.71,80
206.238.236.80,80
206.238.238.201,80
206.238.236.65,2052
206.238.236.40,2052
206.238.236.12,2052
43.174.231.62,80
206.238.239.36,80
206.238.236.246,80
206.238.236.16,2052
206.238.236.143,2052
206.238.236.17,2052
206.238.236.27,2052
206.238.236.83,2052
206.238.236.58,2052
206.238.239.154,80
138.2.85.81,2083
206.238.236.100,2052
206.238.239.209,80
206.238.239.198,80
206.238.239.241,80
206.238.236.178,2052
128.1.186.27,443
206.238.239.233,80
206.238.238.189,80
206.238.239.41,80
206.238.236.204,2052
